seed,stage,repeat,context,input_aligned,whole_scratch_different_bytes,whole_scratch_first_byte,valid_tensor,valid_tensor_byte_base,valid_tensor_byte_count,valid_tensor_different_bytes,valid_tensor_first_absolute_byte,valid_tensor_first_coordinate,max_abs_signed_delta,mean_abs_signed_delta,physical_mean_abs_delta,differing_lanes_within_1_lsb_fraction,differing_lanes_within_2_lsb_fraction,p99_differing_abs_signed_delta,valid_tensor_quantization_scale
zero,pass_00,1,ordinary,True,0,,,,,,,,,,,,,,
zero,pass_00,1,instrumented,True,0,,,,,,,,,,,,,,
zero,pass_00,2,ordinary,True,0,,,,,,,,,,,,,,
zero,pass_00,2,instrumented,True,0,,,,,,,,,,,,,,
zero,pass_01,1,ordinary,True,8294292,8294400,slice_2,8294400,8294400,8294292,8294400,"{'x': 0, 'y': 0, 'channel': 0}",152,125.88084080825617,3.4681143231872564,2.748878385279901e-05,5.0757798254510455e-05,150.0,0.027550771832466125
zero,pass_01,1,instrumented,True,8294292,8294400,slice_2,8294400,8294400,8294292,8294400,"{'x': 0, 'y': 0, 'channel': 0}",152,125.88084080825617,3.4681143231872564,2.748878385279901e-05,5.0757798254510455e-05,150.0,0.027550771832466125
zero,pass_01,2,ordinary,True,8294292,8294400,slice_2,8294400,8294400,8294292,8294400,"{'x': 0, 'y': 0, 'channel': 0}",152,125.88084080825617,3.4681143231872564,2.748878385279901e-05,5.0757798254510455e-05,150.0,0.027550771832466125
zero,pass_01,2,instrumented,True,8294292,8294400,slice_2,8294400,8294400,8294292,8294400,"{'x': 0, 'y': 0, 'channel': 0}",152,125.88084080825617,3.4681143231872564,2.748878385279901e-05,5.0757798254510455e-05,150.0,0.027550771832466125
zero,pass_02,1,ordinary,True,16588692,0,slice_4,0,8294400,8294400,0,"{'x': 0, 'y': 0, 'channel': 0}",157,127.28255123939043,3.8853248677044023,0.0,0.0,145.0,0.030525196343660355
zero,pass_02,1,instrumented,True,16588692,0,slice_4,0,8294400,8294400,0,"{'x': 0, 'y': 0, 'channel': 0}",157,127.28255123939043,3.8853248677044023,0.0,0.0,145.0,0.030525196343660355
zero,pass_02,2,ordinary,True,16588692,0,slice_4,0,8294400,8294400,0,"{'x': 0, 'y': 0, 'channel': 0}",157,127.28255123939043,3.8853248677044023,0.0,0.0,145.0,0.030525196343660355
zero,pass_02,2,instrumented,True,16588692,0,slice_4,0,8294400,8294400,0,"{'x': 0, 'y': 0, 'channel': 0}",157,127.28255123939043,3.8853248677044023,0.0,0.0,145.0,0.030525196343660355
zero,pass_03,1,ordinary,True,16588800,0,slice_6,8294400,4147200,4147200,8294400,"{'x': 0, 'y': 0, 'channel': 0}",172,126.16750385802469,,0.0,0.0,158.0,
zero,pass_03,1,instrumented,True,16588800,0,slice_6,8294400,4147200,4147200,8294400,"{'x': 0, 'y': 0, 'channel': 0}",172,126.16750385802469,,0.0,0.0,158.0,
zero,pass_03,2,ordinary,True,16588800,0,slice_6,8294400,4147200,4147200,8294400,"{'x': 0, 'y': 0, 'channel': 0}",172,126.16750385802469,,0.0,0.0,158.0,
zero,pass_03,2,instrumented,True,16588800,0,slice_6,8294400,4147200,4147200,8294400,"{'x': 0, 'y': 0, 'channel': 0}",172,126.16750385802469,,0.0,0.0,158.0,
zero,pass_04,1,ordinary,True,16588800,0,slice_8,12441600,4147200,4147200,12441600,"{'x': 0, 'y': 0, 'channel': 0}",171,125.92943311149692,,0.0,0.0,154.0,
zero,pass_04,1,instrumented,True,16588800,0,slice_8,12441600,4147200,4147200,12441600,"{'x': 0, 'y': 0, 'channel': 0}",171,125.92943311149692,,0.0,0.0,154.0,
zero,pass_04,2,ordinary,True,16588800,0,slice_8,12441600,4147200,4147200,12441600,"{'x': 0, 'y': 0, 'channel': 0}",171,125.92943311149692,,0.0,0.0,154.0,
zero,pass_04,2,instrumented,True,16588800,0,slice_8,12441600,4147200,4147200,12441600,"{'x': 0, 'y': 0, 'channel': 0}",171,125.92943311149692,,0.0,0.0,154.0,
zero,pass_05,1,ordinary,True,16588800,0,slice_10,8294400,4147200,4147200,8294400,"{'x': 0, 'y': 0, 'channel': 0}",164,126.05824628665124,2.219105057463506,0.0,0.0,150.0,0.017603807151317596
zero,pass_05,1,instrumented,True,16588800,0,slice_10,8294400,4147200,4147200,8294400,"{'x': 0, 'y': 0, 'channel': 0}",164,126.05824628665124,2.219105057463506,0.0,0.0,150.0,0.017603807151317596
zero,pass_05,2,ordinary,True,16588800,0,slice_10,8294400,4147200,4147200,8294400,"{'x': 0, 'y': 0, 'channel': 0}",164,126.05824628665124,2.219105057463506,0.0,0.0,150.0,0.017603807151317596
zero,pass_05,2,instrumented,True,16588800,0,slice_10,8294400,4147200,4147200,8294400,"{'x': 0, 'y': 0, 'channel': 0}",164,126.05824628665124,2.219105057463506,0.0,0.0,150.0,0.017603807151317596
zero,pass_06,1,ordinary,True,16588302,0,slice_12,12441600,2073600,2073102,12441600,"{'x': 0, 'y': 0, 'channel': 0}",160,91.75823254243826,,0.0007635900211374067,0.0023086177139378574,147.0,
zero,pass_06,1,instrumented,True,16588302,0,slice_12,12441600,2073600,2073102,12441600,"{'x': 0, 'y': 0, 'channel': 0}",160,91.75823254243826,,0.0007635900211374067,0.0023086177139378574,147.0,
zero,pass_06,2,ordinary,True,16588302,0,slice_12,12441600,2073600,2073102,12441600,"{'x': 0, 'y': 0, 'channel': 0}",160,91.75823254243826,,0.0007635900211374067,0.0023086177139378574,147.0,
zero,pass_06,2,instrumented,True,16588302,0,slice_12,12441600,2073600,2073102,12441600,"{'x': 0, 'y': 0, 'channel': 0}",160,91.75823254243826,,0.0007635900211374067,0.0023086177139378574,147.0,
zero,pass_07,1,ordinary,True,16583957,0,slice_14,14515200,2073600,2069255,14515200,"{'x': 0, 'y': 0, 'channel': 0}",158,78.94732349537037,,0.004270135870156167,0.008543654600327171,141.0,
zero,pass_07,1,instrumented,True,16583957,0,slice_14,14515200,2073600,2069255,14515200,"{'x': 0, 'y': 0, 'channel': 0}",158,78.94732349537037,,0.004270135870156167,0.008543654600327171,141.0,
zero,pass_07,2,ordinary,True,16583957,0,slice_14,14515200,2073600,2069255,14515200,"{'x': 0, 'y': 0, 'channel': 0}",158,78.94732349537037,,0.004270135870156167,0.008543654600327171,141.0,
zero,pass_07,2,instrumented,True,16583957,0,slice_14,14515200,2073600,2069255,14515200,"{'x': 0, 'y': 0, 'channel': 0}",158,78.94732349537037,,0.004270135870156167,0.008543654600327171,141.0,
zero,pass_08,1,ordinary,True,16573089,0,slice_16,12441600,2073600,2062234,12441600,"{'x': 0, 'y': 0, 'channel': 0}",154,64.20807677469136,,0.01064767625788344,0.020927789959820274,138.0,
zero,pass_08,1,instrumented,True,16573089,0,slice_16,12441600,2073600,2062234,12441600,"{'x': 0, 'y': 0, 'channel': 0}",154,64.20807677469136,,0.01064767625788344,0.020927789959820274,138.0,
zero,pass_08,2,ordinary,True,16573089,0,slice_16,12441600,2073600,2062234,12441600,"{'x': 0, 'y': 0, 'channel': 0}",154,64.20807677469136,,0.01064767625788344,0.020927789959820274,138.0,
zero,pass_08,2,instrumented,True,16573089,0,slice_16,12441600,2073600,2062234,12441600,"{'x': 0, 'y': 0, 'channel': 0}",154,64.20807677469136,,0.01064767625788344,0.020927789959820274,138.0,
zero,pass_09,1,ordinary,True,20716387,0,slice_18,16588800,4147200,4143298,16588800,"{'x': 0, 'y': 0, 'channel': 0}",168,102.23722198109567,,0.0017507792101847369,0.003222553627569149,150.0,
zero,pass_09,1,instrumented,True,20716387,0,slice_18,16588800,4147200,4143298,16588800,"{'x': 0, 'y': 0, 'channel': 0}",168,102.23722198109567,,0.0017507792101847369,0.003222553627569149,150.0,
zero,pass_09,2,ordinary,True,20716387,0,slice_18,16588800,4147200,4143298,16588800,"{'x': 0, 'y': 0, 'channel': 0}",168,102.23722198109567,,0.0017507792101847369,0.003222553627569149,150.0,
zero,pass_09,2,instrumented,True,20716387,0,slice_18,16588800,4147200,4143298,16588800,"{'x': 0, 'y': 0, 'channel': 0}",168,102.23722198109567,,0.0017507792101847369,0.003222553627569149,150.0,
zero,pass_10,1,ordinary,True,20716387,0,slice_20,8294400,4147200,4147200,8294400,"{'x': 0, 'y': 0, 'channel': 0}",171,126.64451630015432,,0.0,0.0,154.0,
zero,pass_10,1,instrumented,True,20716387,0,slice_20,8294400,4147200,4147200,8294400,"{'x': 0, 'y': 0, 'channel': 0}",171,126.64451630015432,,0.0,0.0,154.0,
zero,pass_10,2,ordinary,True,20716387,0,slice_20,8294400,4147200,4147200,8294400,"{'x': 0, 'y': 0, 'channel': 0}",171,126.64451630015432,,0.0,0.0,154.0,
zero,pass_10,2,instrumented,True,20716387,0,slice_20,8294400,4147200,4147200,8294400,"{'x': 0, 'y': 0, 'channel': 0}",171,126.64451630015432,,0.0,0.0,154.0,
zero,pass_11,1,ordinary,True,20736000,0,slice_22,12441600,8294400,8294400,12441600,"{'x': 0, 'y': 0, 'channel': 0}",158,128.08689971547068,4.117235659959939,0.0,0.0,150.0,0.032144080847501755
zero,pass_11,1,instrumented,True,20736000,0,slice_22,12441600,8294400,8294400,12441600,"{'x': 0, 'y': 0, 'channel': 0}",158,128.08689971547068,4.117235659959939,0.0,0.0,150.0,0.032144080847501755
zero,pass_11,2,ordinary,True,20736000,0,slice_22,12441600,8294400,8294400,12441600,"{'x': 0, 'y': 0, 'channel': 0}",158,128.08689971547068,4.117235659959939,0.0,0.0,150.0,0.032144080847501755
zero,pass_11,2,instrumented,True,20736000,0,slice_22,12441600,8294400,8294400,12441600,"{'x': 0, 'y': 0, 'channel': 0}",158,128.08689971547068,4.117235659959939,0.0,0.0,150.0,0.032144080847501755
zero,pass_12,1,ordinary,True,20736000,0,slice_24,0,8294400,8294400,0,"{'x': 0, 'y': 0, 'channel': 0}",165,127.43186475212191,8.039659770420627,0.0,0.0,138.0,0.06308986991643906
zero,pass_12,1,instrumented,True,20736000,0,slice_24,0,8294400,8294400,0,"{'x': 0, 'y': 0, 'channel': 0}",165,127.43186475212191,8.039659770420627,0.0,0.0,138.0,0.06308986991643906
zero,pass_12,2,ordinary,True,20736000,0,slice_24,0,8294400,8294400,0,"{'x': 0, 'y': 0, 'channel': 0}",165,127.43186475212191,8.039659770420627,0.0,0.0,138.0,0.06308986991643906
zero,pass_12,2,instrumented,True,20736000,0,slice_24,0,8294400,8294400,0,"{'x': 0, 'y': 0, 'channel': 0}",165,127.43186475212191,8.039659770420627,0.0,0.0,138.0,0.06308986991643906
zero,full,1,ordinary,True,20736000,0,,,,,,,,,,,,,
zero,full,1,instrumented,True,20736000,0,,,,,,,,,,,,,
zero,full,2,ordinary,True,20736000,0,,,,,,,,,,,,,
zero,full,2,instrumented,True,20736000,0,,,,,,,,,,,,,
